{
 "ours_7000": {
  "SSIM": 0.9816336035728455,
  "SSIM_std": 0.004903283901512623,
  "MS-SSIM": 0.9999999403953552,
  "MS-SSIM_std": 1.3328003944934608e-07,
  "PSNR": 41.93803787231445,
  "PSNR_std": 2.4806907176971436,
  "LPIPS": 0.04150526598095894,
  "LPIPS_std": 0.013207555748522282,
  "DepthMSE": 0.0029361520428210497,
  "DepthMSE_std": 0.0033271065913140774,
  "DepthSSIM": 0.8932315707206726,
  "DepthSSIM_std": 0.028425268828868866,
  "NumSamples": 16,
  "TrainTime": 45.9242730140686
 }
}